{"cameraMode":{"drawMode":0,"name":"Shaded","section":"Shading Mode"},"sceneLighting":true,"audioPlay":false,"sceneViewState":{"m_AlwaysRefresh":false,"showFog":true,"showSkybox":true,"showFlares":true,"showImageEffects":true,"showParticleSystems":true,"showVisualEffectGraphs":true,"m_FxEnabled":true},"in2DMode":false,"pivot":{"x":7.622319221496582,"y":13.159950256347657,"z":-6.6875433921813969},"rotation":{"x":0.15770114958286286,"y":-0.18979915976524354,"z":0.03089974820613861,"w":0.9685938358306885},"size":12.59313678741455,"orthographic":false}